{
	"version": "0.2.0",
	"configurations": [
		{
			"name": "sktest.exe",
			"type": "cppdbg",
			"request": "launch",
			"program": "${workspaceFolder}/bin/sktest.exe",
			"args": [],
			"stopAtEntry": false,
			"cwd": "${workspaceFolder}/bin",
			"environment": [],
			"externalConsole": false,
			"windows": {
				"MIMode": "gdb",
				"miDebuggerPath": "C:\\msys64\\mingw64\\bin\\gdb.exe"
			},
			"osx": {
				"MIMode": "lldb",
				"program": "${workspaceFolder}/bin/sktest",
				"type": "lldb" // https://marketplace.visualstudio.com/items?itemName=vadimcn.vscode-lldb
			},
			"setupCommands": [
				{
					"description": "Enable pretty-printing for gdb",
					"text": "-enable-pretty-printing",
					"ignoreFailures": true
				},
				{
					"description":  "Set Disassembly Flavor to Intel",
					"text": "-gdb-set disassembly-flavor intel",
					"ignoreFailures": true
				}
			],
			"preLaunchTask": "Compile"
		}
	]
}