{
	"windows": {
		"options": {
			"shell": {
				"executable": "cmd",
				"args": [
					"/d",
					"/c"
				]
			}
		}
	},
	"tasks": [
		{
			"type": "process",
			"label": "cmake",
			"command": "C:\\msys64\\msys2_shell.cmd",
			"args": [
				"-defterm",
				"-no-start",
				"-mingw64",

				"-where",
				"./projects/cmake/",

				"-c",
				"cmake -DCMAKE_BUILD_TYPE=Debug -G \"Ninja\""
			],
			"osx": {
				"command": "cmake",
				"args": [
					"-DCMAKE_BUILD_TYPE=Debug",
					"."
				],
				"options": {
					"cwd": "${workspaceFolder}/projects/cmake/"
				}
			},
			"problemMatcher": []
		},
		{
			"type": "process",
			"label": "Compile",
			"command": "C:\\msys64\\msys2_shell.cmd",
			"args": [
				"-defterm",
				"-no-start",
				"-mingw64",

				"-where",
				"./projects/cmake/",

				"-c",
				"ninja"
			],
			"osx": {
				"command": "make",
				"args": [],
				"options": {
					"cwd": "${workspaceFolder}/projects/cmake/"
				}
			},
			"problemMatcher": []
		},
		{
			"type": "process",
			"label": "Run",
			"command": "C:\\msys64\\msys2_shell.cmd",
			"args": [
				"-defterm",
				"-no-start",
				"-mingw64",

				"-where",
				"./bin/",
				
				"-c",
				"./sktest.exe"
			],
			"osx": {
				"command": "sktest",
				"args": [],
				"options": {
					"cwd": "${workspaceFolder}/bin"
				}
			},
			"problemMatcher": [],
		},
		{
			"label": "Compile + Run",
			"dependsOrder": "sequence",
			"dependsOn": [
				"Compile",
				"Run"
			],
			"group": {
				"kind": "build",
				"isDefault": true
			},
			"problemMatcher": [],
		}
	],
	"version": "2.0.0"
}